company,role_title,location,url,date_accessed,role_category,required_mathematics,required_statistics,required_programming_languages,finance_knowledge,data_engineering_expectations,software_engineering_expectations,experience_expectations,degree_expectations,recurring_keywords,skills_already_demonstrated,repository_development_skills,eligibility_conditions,evidence_basis,source_sha256
Akuna Capital,Experienced Options Trader,"Chicago, IL",https://www.akunacapital.com/careers/job/7496425/?gh_jid=7496425,2026-09-21,trading,mathematical reasoning,statistics,Not explicitly found,options; risk,Not explicitly found,algorithms; communication,2+ years market making,Quantitative bachelor,statistics; algorithms; communication,Self-reported mathematics degree and Python; project evidence not audited,Execution cost measurement; derivatives intuition,No additional condition captured; verify with employer,"Explicit mentions, not necessarily mandatory; required/preferred context retained in source. Development mapping is inference.",a596a87ab17ec122e3379d337e8271803a13c8b38d87ae645322d7c17f22de74
Akuna Capital,Experienced Options Trader - SOFR,"Chicago, IL",https://www.akunacapital.com/careers/job/7901833/?gh_jid=7901833,2026-09-21,trading,optimisation; mathematical reasoning,statistics,Python; C++,options; risk; market microstructure; fixed income; volatility,Not explicitly found,communication,2+ years rates-options trading,Quantitative bachelor,Python; C++; statistics; communication,Self-reported mathematics degree and Python; project evidence not audited,Execution cost measurement; derivatives intuition,No additional condition captured; verify with employer,"Explicit mentions, not necessarily mandatory; required/preferred context retained in source. Development mapping is inference.",7a0101a2ebbbb2516548692c3dc0aeb34a26377dccfaa77015d48c580f17f89b
Akuna Capital,Junior Quantitative Developer & Strategist,"Chicago, IL ",https://www.akunacapital.com/careers/job/8016687/?gh_jid=8016687,2026-09-21,quant development,linear algebra; optimisation; numerical methods; mathematical reasoning,statistics; machine learning,Python,options,Not explicitly found,production systems; object orientation,Entry level; degree complete by start,Technical bachelor/master/doctorate,Python; statistics; machine learning; production systems; object orientation,Self-reported mathematics degree and Python; project evidence not audited,Typed reusable libraries; data contracts; tests,Graduate by Aug 2027; GPA >=3.5; US work authorisation at start; one quant/tech preference per season,"Explicit mentions, not necessarily mandatory; required/preferred context retained in source. Development mapping is inference.",dc1ddea5af4ebfe20489ad57673fd2ace31ca8d26c4a206e518d363ff6dee7bd
Akuna Capital,Junior Quantitative Researcher,"Chicago, IL ",https://www.akunacapital.com/careers/job/8036541/?gh_jid=8036541,2026-09-21,quant research,optimisation; mathematical reasoning,statistics; machine learning,Python,options; portfolio construction,Not explicitly found,algorithms,Entry level; modelling experience,Technical bachelor/master/doctorate,Python; statistics; machine learning; algorithms,Self-reported mathematics degree and Python; project evidence not audited,Chronological validation; reproducible statistical experiments,Graduate by Aug 2027; GPA >=3.5; US work authorisation at start; one quant/tech preference per season,"Explicit mentions, not necessarily mandatory; required/preferred context retained in source. Development mapping is inference.",ef88c50ce9d53a6732f4c737b2a2dec6f036330bac4ec128034676050d978431
Akuna Capital,Junior Quantitative Risk Analyst,Chicago,https://www.akunacapital.com/careers/job/8035515/?gh_jid=8035515,2026-09-21,market risk,mathematical reasoning,Not explicitly found,Python; SQL,options; risk,Not explicitly found,testing,Options knowledge or finance experience,Quant degree or equivalent mathematical evidence,Python; SQL; testing,Self-reported mathematics degree and Python; project evidence not audited,Stress scenarios; risk metrics; limitations,No additional condition captured; verify with employer,"Explicit mentions, not necessarily mandatory; required/preferred context retained in source. Development mapping is inference.",d36693bc80d3d7948f706aaadd105f69cfd33b388a4065b252377f010d74c52a
Akuna Capital,Junior Trader,Chicago,https://www.akunacapital.com/careers/job/7773141/?gh_jid=7773141,2026-09-21,trading,mathematical reasoning,statistics,Not explicitly found,options,Not explicitly found,communication,Junior; training provided,Quantitative degree completed by start,statistics; communication,Self-reported mathematics degree and Python; project evidence not audited,Execution cost measurement; derivatives intuition,Degree complete by start; GPA >=3.5; US work authorisation at start,"Explicit mentions, not necessarily mandatory; required/preferred context retained in source. Development mapping is inference.",e201cb0278f57b9aaadc55d793ce2bbc74636aefabe8a8602f4b31c9d4dbb505
Akuna Capital,Quantitative Researcher,"Chicago, IL",https://www.akunacapital.com/careers/job/7496416/?gh_jid=7496416,2026-09-21,quant research,mathematical reasoning,statistics; machine learning,Python; C++,options; volatility,Not explicitly found,algorithms; communication,3+ years statistics or related work,Technical bachelor/master/doctorate,Python; C++; statistics; machine learning; algorithms; communication,Self-reported mathematics degree and Python; project evidence not audited,Chronological validation; reproducible statistical experiments,No additional condition captured; verify with employer,"Explicit mentions, not necessarily mandatory; required/preferred context retained in source. Development mapping is inference.",63d6c5028222034522e3c3695b4d8d5c781953f16d0cce805185195cdab053cc
Akuna Capital,Quantitative Researcher - Prediction Markets,"Chicago, IL",https://www.akunacapital.com/careers/job/7846695/?gh_jid=7846695,2026-09-21,quant research,linear algebra; optimisation; numerical methods; mathematical reasoning,statistics; machine learning,Python; C++,options,data pipelines,production systems,1+ year quantitative/programming work,Technical bachelor/master/doctorate,Python; C++; statistics; machine learning; production systems,Self-reported mathematics degree and Python; project evidence not audited,Chronological validation; reproducible statistical experiments,No additional condition captured; verify with employer,"Explicit mentions, not necessarily mandatory; required/preferred context retained in source. Development mapping is inference.",bb54a3c175a59033d08e1a813b0a82a1d2f6c7ac2c97405fb439c32ecdf2e887
Akuna Capital,"Software Engineer - C++, Trading Strategies","Chicago, IL",https://www.akunacapital.com/careers/job/7496408/?gh_jid=7496408,2026-09-21,trading technology,mathematical reasoning,Not explicitly found,C++,options,distributed systems,testing; algorithms; communication,3+ years modern C++,Technical bachelor or equivalent,C++; testing; algorithms; communication,Self-reported mathematics degree and Python; project evidence not audited,Matching correctness; profiling; operational tests,No additional condition captured; verify with employer,"Explicit mentions, not necessarily mandatory; required/preferred context retained in source. Development mapping is inference.",0269557f647d78f2aefe0613cfc4cc1b88c8fd37e0ba4111285f0f7567e8de7a
Akuna Capital,Software Engineer (Entry-Level) - Python,"Chicago, IL",https://www.akunacapital.com/careers/job/8013230/?gh_jid=8013230,2026-09-21,trading technology,mathematical reasoning,Not explicitly found,Python,options,distributed systems,testing; object orientation; algorithms; communication,Entry level; distributed systems exposure,Technical degree candidate,Python; testing; object orientation; algorithms; communication,Self-reported mathematics degree and Python; project evidence not audited,Matching correctness; profiling; operational tests,Graduate by Aug 2027; GPA >=3.5; US work authorisation at start,"Explicit mentions, not necessarily mandatory; required/preferred context retained in source. Development mapping is inference.",08173edf4a24dcf5dfcef0f4e8c45f186fcdf05d28c1a4933765790908bc63b5
AQR,2027 Quantitative Prediction Markets Research Summer Analyst,"Greenwich, CT",https://careers.aqr.com/jobs?gh_jid=8122378&gh_jid=8122378,2026-09-21,quant research,mathematical reasoning,statistics,Python,options; portfolio construction,Not explicitly found,testing; communication,Student internship,Bachelor/master/doctorate candidate,Python; statistics; testing; communication,Self-reported mathematics degree and Python; project evidence not audited,Chronological validation; reproducible statistical experiments,Graduation Dec 2027 or spring 2028,"Explicit mentions, not necessarily mandatory; required/preferred context retained in source. Development mapping is inference.",c7c727b6745ba7e845247ff86043c9b4867cbc38aa9f054061b813035657ba56
AQR,2027 Risk Summer Analyst,"Greenwich, CT",https://careers.aqr.com/jobs?gh_jid=7926692&gh_jid=7926692,2026-09-21,market risk,mathematical reasoning,Not explicitly found,Python; C++; MATLAB,options; risk; equities; volatility,Not explicitly found,testing,Student internship,Financial or quantitative degree candidate,Python; C++; MATLAB; testing,Self-reported mathematics degree and Python; project evidence not audited,Stress scenarios; risk metrics; limitations,Graduation Dec 2027 or spring 2028,"Explicit mentions, not necessarily mandatory; required/preferred context retained in source. Development mapping is inference.",1cdf7672c9ef2a81d3428485719b4b35a45d9ee85d1e9fb4ddb8cb84c2b8430e
AQR,2027 Trading Analyst,"Greenwich, CT",https://careers.aqr.com/jobs?gh_jid=8156709&gh_jid=8156709,2026-09-21,trading,Not explicitly found,Not explicitly found,Not explicitly found,volatility,large datasets,testing; communication,Graduate programme,Bachelor or master,testing; communication,Self-reported mathematics degree and Python; project evidence not audited,Execution cost measurement; derivatives intuition,Graduation Dec 2026 or spring 2027,"Explicit mentions, not necessarily mandatory; required/preferred context retained in source. Development mapping is inference.",a0e95d7e4b57ebb6ad9401edb84ead21ba0b38277422ce65fc48c76dcd75bdea
AQR,"Data Scientist, Machine Learning","Greenwich, CT",https://careers.aqr.com/jobs?gh_jid=8088184&gh_jid=8088184,2026-09-21,investment data science,mathematical reasoning,statistics; machine learning,Python; SQL,risk,large datasets; data quality; cloud; distributed systems; data processing,testing; version control; CI/CD; production systems; profiling; communication,4+ years relevant work,Not specified,Python; SQL; statistics; machine learning; testing; version control; CI/CD; production systems; profiling; communication,Self-reported mathematics degree and Python; project evidence not audited,Data provenance; quality checks; statistical validation,No additional condition captured; verify with employer,"Explicit mentions, not necessarily mandatory; required/preferred context retained in source. Development mapping is inference.",1efbcc894f720fa8e4ee91b2f08a6c69d3631d497bd32a1e9ae68f0118639eac
AQR,Electronic Trader Analyst,"Greenwich, CT",https://careers.aqr.com/jobs?gh_jid=8164315&gh_jid=8164315,2026-09-21,execution research,probability; mathematical reasoning,statistics,Not explicitly found,options; risk; transaction costs; equities; futures,large datasets,testing; algorithms,1-3 years execution/trading analytics,STEM/finance/economics bachelor,statistics; testing; algorithms,Self-reported mathematics degree and Python; project evidence not audited,Order-book replay; implementation shortfall; latency,No additional condition captured; verify with employer,"Explicit mentions, not necessarily mandatory; required/preferred context retained in source. Development mapping is inference.",3827088ec4d6cd7d24eb7948ee833cb13af18c7c20db477142123107fbde96ce
AQR,Engineering - Quant Research Development - GSS - Analyst,Bengaluru,https://careers.aqr.com/jobs?gh_jid=8112238&gh_jid=8112238,2026-09-21,quant development,mathematical reasoning,simulation,Python,risk,databases; cloud,testing; communication,3+ years programming,CS/computational finance/data science bachelor or master,Python; simulation; testing; communication,Self-reported mathematics degree and Python; project evidence not audited,Typed reusable libraries; data contracts; tests,No additional condition captured; verify with employer,"Explicit mentions, not necessarily mandatory; required/preferred context retained in source. Development mapping is inference.",b655da308212eb40f2b45cd09de97a038cb7e137fc4d685f990d14c800777334
AQR,Global Stock Selection - Implementation Researcher,"Greenwich, CT",https://careers.aqr.com/jobs?gh_jid=8094484&gh_jid=8094484,2026-09-21,systematic investing,linear algebra; optimisation; probability; mathematical reasoning,statistics,Python; R; MATLAB,risk; portfolio construction; transaction costs; equities; volatility,Not explicitly found,object orientation; communication,8+ years quantitative/technical work,Quantitative bachelor; doctorate preferred,Python; R; MATLAB; statistics; object orientation; communication,Self-reported mathematics degree and Python; project evidence not audited,Signal analysis; constrained portfolios; cost-aware evaluation,No additional condition captured; verify with employer,"Explicit mentions, not necessarily mandatory; required/preferred context retained in source. Development mapping is inference.",8f80cb0ee943bc07bc489e38e2723ffde691b9cd63435ff963be8f90d54739fb
AQR,Global Stock Selection Research - Analyst/Associate,"Greenwich, CT",https://careers.aqr.com/jobs?gh_jid=7558085&gh_jid=7558085,2026-09-21,systematic investing,linear algebra; optimisation; probability; mathematical reasoning,statistics; time series; machine learning,Python,risk; portfolio construction; equities; volatility,large datasets,testing; algorithms,2-5 years alpha research,Quantitative bachelor,Python; statistics; time series; machine learning; testing; algorithms,Self-reported mathematics degree and Python; project evidence not audited,Signal analysis; constrained portfolios; cost-aware evaluation,No additional condition captured; verify with employer,"Explicit mentions, not necessarily mandatory; required/preferred context retained in source. Development mapping is inference.",017615e6fb671f4aa34b26e6c52b0c9d1e4d8d0b1458aafdbbc068e9a7be1f5f
AQR,Managed Futures & Commodities Research Analyst,"Greenwich, CT",https://careers.aqr.com/jobs?gh_jid=8161372&gh_jid=8161372,2026-09-21,systematic investing,optimisation; mathematical reasoning,statistics,Python,risk; equities; fixed income; futures,Not explicitly found,testing; communication,2-3 years quantitative finance,Quantitative bachelor,Python; statistics; testing; communication,Self-reported mathematics degree and Python; project evidence not audited,Signal analysis; constrained portfolios; cost-aware evaluation,No additional condition captured; verify with employer,"Explicit mentions, not necessarily mandatory; required/preferred context retained in source. Development mapping is inference.",7929f240705c82956c94d53df79772d39ef78aed86688a821c4f49a6de05a71d
AQR,Research & Portfolio Management Engineering - Associate,"Greenwich, CT",https://careers.aqr.com/jobs?gh_jid=8088187&gh_jid=8088187,2026-09-21,quant development,mathematical reasoning,machine learning,Python; C++; SQL,risk; portfolio construction,data pipelines; large datasets; cloud; distributed systems; data processing,testing; Linux; production systems; communication,3-5 years production software,Technical bachelor or master,Python; C++; SQL; machine learning; testing; Linux; production systems; communication,Self-reported mathematics degree and Python; project evidence not audited,Typed reusable libraries; data contracts; tests,No additional condition captured; verify with employer,"Explicit mentions, not necessarily mandatory; required/preferred context retained in source. Development mapping is inference.",7cd5bd04941c682a1dc17c42df9ad813550ca138a3a05843578dc31c354351ee
Jane Street,Machine Learning Research Engineer,"London, England, United Kingdom",https://www.janestreet.com/join-jane-street/apply/7437779002?gh_jid=7437779002,2026-09-21,quant development,linear algebra; optimisation; mathematical reasoning,machine learning,Not explicitly found,Not explicitly found,Not explicitly found,production systems,ML production/research experience; years unspecified,No fixed qualification list,machine learning; production systems,Self-reported mathematics degree and Python; project evidence not audited,Typed reusable libraries; data contracts; tests,English fluency,"Explicit mentions, not necessarily mandatory; required/preferred context retained in source. Development mapping is inference.",348926b42357df129cce3c5827f0010994f5f289ffc2bdda626eed4314927399
Jane Street,Quantitative Researcher,"London, England, United Kingdom",https://www.janestreet.com/join-jane-street/apply/8600948002?gh_jid=8600948002,2026-09-21,quant research,mathematical reasoning,statistics; time series; machine learning,Python,Not explicitly found,distributed systems,production systems; communication,Research experience preferred; years unspecified,Doctorate/research a plus; no mandatory degree stated,Python; statistics; time series; machine learning; production systems; communication,Self-reported mathematics degree and Python; project evidence not audited,Chronological validation; reproducible statistical experiments,English fluency,"Explicit mentions, not necessarily mandatory; required/preferred context retained in source. Development mapping is inference.",6435765a9b459ec2405ef89b7ae1fe36558fa9687a98dcff6ce993cfc11791c9
Jane Street,Quantitative Trader,"London, England, United Kingdom",https://www.janestreet.com/join-jane-street/apply/4273643002?gh_jid=4273643002,2026-09-21,trading,mathematical reasoning,Not explicitly found,Not explicitly found,risk,Not explicitly found,Not explicitly found,Years unspecified; finance not required,Not specified,,Self-reported mathematics degree and Python; project evidence not audited,Execution cost measurement; derivatives intuition,English fluency,"Explicit mentions, not necessarily mandatory; required/preferred context retained in source. Development mapping is inference.",dd04e486455685c0063c9000d5d4007e87fd31bfdc111756b1e8ac9ae5c3edfe
IMC,Commodities Volatility Trader,"London, United Kingdom",https://job-boards.eu.greenhouse.io/imc/jobs/4658369101,2026-09-21,trading,mathematical reasoning,statistics,Python,options; risk; equities,Not explicitly found,algorithms; communication,3+ years options trading preferred,STEM degree preferred,Python; statistics; algorithms; communication,Self-reported mathematics degree and Python; project evidence not audited,Execution cost measurement; derivatives intuition,No additional condition captured; verify with employer,"Explicit mentions, not necessarily mandatory; required/preferred context retained in source. Development mapping is inference.",c963560df13c03440a1e16ffd1cce75322f5b5e2e72a28b7e04947adcd741295
IMC,Experienced Risk Manager,"Chicago, United States",https://job-boards.eu.greenhouse.io/imc/jobs/4942868101,2026-09-21,market risk,mathematical reasoning,Not explicitly found,Python; SQL,risk; equities; futures,Not explicitly found,communication,5+ years financial risk,Not specified,Python; SQL; communication,Self-reported mathematics degree and Python; project evidence not audited,Stress scenarios; risk metrics; limitations,No immigration sponsorship; FINRA SIE/57 or willingness to obtain,"Explicit mentions, not necessarily mandatory; required/preferred context retained in source. Development mapping is inference.",483edf35020fb13a5ea3d27d51305a9566d4c235e05357a7d7aa5cea2f7c3ba5
IMC,Graduate Machine Learning Researcher - London,"London, United Kingdom",https://job-boards.eu.greenhouse.io/imc/jobs/4914883101,2026-09-21,quant research,mathematical reasoning,statistics; time series; machine learning,Python,options; risk; equities; futures,Not explicitly found,production systems; communication,Final-year student; research evidence,Master minimum; doctorate preferred,Python; statistics; time series; machine learning; production systems; communication,Self-reported mathematics degree and Python; project evidence not audited,Chronological validation; reproducible statistical experiments,2027 graduation; Feb/Aug 2027 start; posting also contains regional sponsorship restrictions requiring employer clarification,"Explicit mentions, not necessarily mandatory; required/preferred context retained in source. Development mapping is inference.",a2a8afc732bad5a783d31103662b790ad3cbe4648d74fce0dabc6feb3d134c93
IMC,Graduate Quantitative Researcher (BS/MS),"Chicago, United States",https://job-boards.eu.greenhouse.io/imc/jobs/4907368101,2026-09-21,quant research,mathematical reasoning,statistics,Python; C++,Not explicitly found,Not explicitly found,production systems,Current student,Quantitative bachelor/master candidate,Python; C++; statistics; production systems,Self-reported mathematics degree and Python; project evidence not audited,Chronological validation; reproducible statistical experiments,Current student graduating Sep 2026-Jul 2027; Feb/Aug 2027 start,"Explicit mentions, not necessarily mandatory; required/preferred context retained in source. Development mapping is inference.",c968c7601531a33a8d70e3e5e8d701ecc3a0065c38f94dfdc6eafd1e697df1e1
IMC,Graduate Quantitative Trader,"Chicago, United States",https://job-boards.eu.greenhouse.io/imc/jobs/4751729101,2026-09-21,trading,mathematical reasoning,Not explicitly found,Python; R; MATLAB,risk,Not explicitly found,algorithms,Current student,Quantitative degree candidate,Python; R; MATLAB; algorithms,Self-reported mathematics degree and Python; project evidence not audited,Execution cost measurement; derivatives intuition,Current student graduating Sep 2026-Jul 2027; Feb/Aug 2027 start,"Explicit mentions, not necessarily mandatory; required/preferred context retained in source. Development mapping is inference.",acdca174e8bd79e55980dbb9ff9f8f89f43e6dca0ec0337a167384e9d1b99c64
IMC,"C++ Software Engineer, Early Careers","Amsterdam, Netherlands",https://job-boards.eu.greenhouse.io/imc/jobs/4945420101,2026-09-21,trading technology,Not explicitly found,Not explicitly found,C++,Not explicitly found,Not explicitly found,testing; production systems; algorithms; profiling,2-3 years post-graduation,Engineering/CS bachelor or master,C++; testing; production systems; algorithms; profiling,Self-reported mathematics degree and Python; project evidence not audited,Matching correctness; profiling; operational tests,No additional condition captured; verify with employer,"Explicit mentions, not necessarily mandatory; required/preferred context retained in source. Development mapping is inference.",788a7a177e1633527e6024b5d78ccd1e6bb2ad4c76780b4fe100f3df95df5e2c
Point72 / Cubist,Cubist Data Scientist,New York,https://boards.greenhouse.io/point72/jobs/7045938002?gh_jid=7045938002,2026-09-21,investment data science,mathematical reasoning,statistics,Python; SQL,options; equities; futures,data pipelines; cloud,Linux; production systems; communication,Years unspecified,Quantitative master,Python; SQL; statistics; Linux; production systems; communication,Self-reported mathematics degree and Python; project evidence not audited,Data provenance; quality checks; statistical validation,No additional condition captured; verify with employer,"Explicit mentions, not necessarily mandatory; required/preferred context retained in source. Development mapping is inference.",ed3cd00ed5333cc0ffa6e23a39c8fb243f53cc6ce4d5501374b79c7592d78da3
Point72 / Cubist,Cubist Execution Trader,"Paris, London, New York",https://boards.greenhouse.io/point72/jobs/8603359002?gh_jid=8603359002,2026-09-21,execution research,Not explicitly found,Not explicitly found,Python; SQL,options; market microstructure; portfolio construction; fixed income,distributed systems,Linux; algorithms; communication,1-3 years execution/operations,Not specified,Python; SQL; Linux; algorithms; communication,Self-reported mathematics degree and Python; project evidence not audited,Order-book replay; implementation shortfall; latency,No additional condition captured; verify with employer,"Explicit mentions, not necessarily mandatory; required/preferred context retained in source. Development mapping is inference.",fc3f5056476697220d8662a483deaed43e99c0bd255fd2accf40da640f74a9e2
Point72 / Cubist,Cubist Quantitative Developer,Hong Kong ,https://boards.greenhouse.io/point72/jobs/7666604002?gh_jid=7666604002,2026-09-21,quant development,linear algebra; optimisation; mathematical reasoning,statistics,Python,equities; futures,data pipelines; distributed systems; data processing,testing; production systems,3+ years programming,CS/quantitative bachelor or above,Python; statistics; testing; production systems,Self-reported mathematics degree and Python; project evidence not audited,Typed reusable libraries; data contracts; tests,No additional condition captured; verify with employer,"Explicit mentions, not necessarily mandatory; required/preferred context retained in source. Development mapping is inference.",ddbfc7f53a8c44a88a6f605624361e58d771553e77312524171bb95a5f653d2b
Point72 / Cubist,"Data Scientist, Proprietary Research","New York, NY",https://boards.greenhouse.io/point72/jobs/7695570002?gh_jid=7695570002,2026-09-21,investment data science,mathematical reasoning,statistics; machine learning,Python; SQL; R,Not explicitly found,large datasets,communication,1+ year professional work,Quantitative master/doctorate,Python; SQL; R; statistics; machine learning; communication,Self-reported mathematics degree and Python; project evidence not audited,Data provenance; quality checks; statistical validation,No additional condition captured; verify with employer,"Explicit mentions, not necessarily mandatory; required/preferred context retained in source. Development mapping is inference.",a37bd4fe0d350eb505c038a000cd9311215ae402d567d853b1b53439949d0432
Point72 / Cubist,Microstructure Quantitative Researcher,New York,https://boards.greenhouse.io/point72/jobs/8384470002?gh_jid=8384470002,2026-09-21,execution research,mathematical reasoning,statistics; machine learning,Python; C++; R,market microstructure; futures,data pipelines; data processing,testing; production systems,4+ years quantitative research,Quantitative master/doctorate,Python; C++; R; statistics; machine learning; testing; production systems,Self-reported mathematics degree and Python; project evidence not audited,Order-book replay; implementation shortfall; latency,No additional condition captured; verify with employer,"Explicit mentions, not necessarily mandatory; required/preferred context retained in source. Development mapping is inference.",b2c19ae4b5b4d2bc81bf4e4f9de6d7063028112e6bd3c5fccfe92a6d5322ff95
Point72 / Cubist,Quantitative Researcher - Systematic Credit,"Chicago, New York",https://boards.greenhouse.io/point72/jobs/7297625002?gh_jid=7297625002,2026-09-21,systematic investing,optimisation; mathematical reasoning,statistics,Python,options; risk; equities,large datasets,CI/CD; production systems; object orientation; communication,2+ years signal research,Quantitative master/doctorate,Python; statistics; CI/CD; production systems; object orientation; communication,Self-reported mathematics degree and Python; project evidence not audited,Signal analysis; constrained portfolios; cost-aware evaluation,No additional condition captured; verify with employer,"Explicit mentions, not necessarily mandatory; required/preferred context retained in source. Development mapping is inference.",f22ec0cd40df18a2f0a35f47fbb6c764c5698d2a848036b4eb1bac3225cf34ca
Point72 / Cubist,"Quantitative Researcher, Trading Research",New York,https://boards.greenhouse.io/point72/jobs/7297643002?gh_jid=7297643002,2026-09-21,execution research,mathematical reasoning,statistics,Python; C++,market microstructure; transaction costs,cloud,algorithms,2+ years intraday research,Quantitative master or higher,Python; C++; statistics; algorithms,Self-reported mathematics degree and Python; project evidence not audited,Order-book replay; implementation shortfall; latency,No additional condition captured; verify with employer,"Explicit mentions, not necessarily mandatory; required/preferred context retained in source. Development mapping is inference.",b3d4636d3e3948475be3b230be43052220f453f15a8d7bdab62ce6ec2a2f3720
Point72 / Cubist,"Software Engineer, Risk Technology","Bengaluru, India",https://boards.greenhouse.io/point72/jobs/8568266002?gh_jid=8568266002,2026-09-21,trading technology,mathematical reasoning,statistics,Python,options; risk,Not explicitly found,algorithms; communication,5+ years programming,Technical bachelor,Python; statistics; algorithms; communication,Self-reported mathematics degree and Python; project evidence not audited,Matching correctness; profiling; operational tests,No additional condition captured; verify with employer,"Explicit mentions, not necessarily mandatory; required/preferred context retained in source. Development mapping is inference.",18d5a37e0823ee81b3d46d3a47297099014e81728a9b908e27049728b7418172
Squarepoint,Graduate Quant Developer,"London, Montreal, Singapore",https://www.squarepoint-capital.com/open-opportunities?id=7918610&gh_jid=7918610,2026-09-21,quant development,mathematical reasoning,Not explicitly found,Python; C++; KDB/q,Not explicitly found,data processing,version control; Linux; production systems; communication,Graduate; project/internship evidence,Quantitative degree,Python; C++; KDB/q; version control; Linux; production systems; communication,Self-reported mathematics degree and Python; project evidence not audited,Typed reusable libraries; data contracts; tests,Choose one best-fitting role per employer instruction,"Explicit mentions, not necessarily mandatory; required/preferred context retained in source. Development mapping is inference.",1154d3e8fa24550cfa583eef7c8c6344e5209543ece5e5daf0ac2fa75dc976cb
Squarepoint,High-Touch Execution Strategist,London,https://www.squarepoint-capital.com/open-opportunities?id=7340149&gh_jid=7340149,2026-09-21,execution research,mathematical reasoning,Not explicitly found,Python; KDB/q,market microstructure; transaction costs,data pipelines,version control; communication,2-4 years high-touch execution,Not specified,Python; KDB/q; version control; communication,Self-reported mathematics degree and Python; project evidence not audited,Order-book replay; implementation shortfall; latency,No additional condition captured; verify with employer,"Explicit mentions, not necessarily mandatory; required/preferred context retained in source. Development mapping is inference.",1d817e1375fb6c99f8cc65c1629575a1f1ac866fba86688d8858b95ce404b0e4
Squarepoint,Junior Quant Researcher,"London, New York, Singapore, Boston, Paris, Zug, Geneva, Hong Kong, Bangalore",https://www.squarepoint-capital.com/open-opportunities?id=239376&gh_jid=239376,2026-09-21,quant research,mathematical reasoning,statistics,Python; C++; Java,Not explicitly found,large datasets,communication,Junior; years unspecified,Quantitative degree/background,Python; C++; Java; statistics; communication,Self-reported mathematics degree and Python; project evidence not audited,Chronological validation; reproducible statistical experiments,Choose one best-fitting role per employer instruction,"Explicit mentions, not necessarily mandatory; required/preferred context retained in source. Development mapping is inference.",a90efe251033145c18eeec89e6345d895ec56543fb11a393c57b44ef9eb27f26
Squarepoint,Junior Risk Manager,"New York, London",https://www.squarepoint-capital.com/open-opportunities?id=7013910&gh_jid=7013910,2026-09-21,market risk,mathematical reasoning,statistics,Not explicitly found,risk; portfolio construction,Not explicitly found,communication,Graduate to 3 years,Quantitative bachelor; advanced preferred,statistics; communication,Self-reported mathematics degree and Python; project evidence not audited,Stress scenarios; risk metrics; limitations,No additional condition captured; verify with employer,"Explicit mentions, not necessarily mandatory; required/preferred context retained in source. Development mapping is inference.",31b12931273415a0c00cbd2c23be29ce900a8363851e7faba6fddd88c50e7db8
Squarepoint,Quantitative Researcher - Volatility (II),New York,https://www.squarepoint-capital.com/open-opportunities?id=8122132&gh_jid=8122132,2026-09-21,quant research,mathematical reasoning,statistics; simulation,Python; KDB/q,options; volatility,large datasets,testing; version control; algorithms,1+ year relevant investment research,STEM bachelor or equivalent,Python; KDB/q; statistics; simulation; testing; version control; algorithms,Self-reported mathematics degree and Python; project evidence not audited,Chronological validation; reproducible statistical experiments,No additional condition captured; verify with employer,"Explicit mentions, not necessarily mandatory; required/preferred context retained in source. Development mapping is inference.",943ced4ec43b41562ef7a01f89cb157d6724503a2e56aac1d72f50e2c4e084bb
Squarepoint,Quantitative Researcher - Systematic Macro,New York,https://www.squarepoint-capital.com/open-opportunities?id=8122239&gh_jid=8122239,2026-09-21,systematic investing,mathematical reasoning,statistics; regression; time series; hypothesis testing; machine learning; simulation,Python,risk; equities,Not explicitly found,testing; algorithms,2+ years relevant investment research,STEM/economics master or equivalent,Python; statistics; regression; time series; hypothesis testing; machine learning; simulation; testing; algorithms,Self-reported mathematics degree and Python; project evidence not audited,Signal analysis; constrained portfolios; cost-aware evaluation,No additional condition captured; verify with employer,"Explicit mentions, not necessarily mandatory; required/preferred context retained in source. Development mapping is inference.",ae6058b8a2a4cabbf7b4b14420f06a39572625ffbeb711a4c945a1c57ae210be
Squarepoint,Software Developer - Risk Data Pipelines,"Bangalore, Montreal, Warsaw",https://www.squarepoint-capital.com/open-opportunities?id=271708&gh_jid=271708,2026-09-21,trading technology,mathematical reasoning,Not explicitly found,Python; SQL; R; KDB/q,options; risk; equities,data pipelines; databases,communication,4+ years Python in finance,CS or related bachelor,Python; SQL; R; KDB/q; communication,Self-reported mathematics degree and Python; project evidence not audited,Matching correctness; profiling; operational tests,No additional condition captured; verify with employer,"Explicit mentions, not necessarily mandatory; required/preferred context retained in source. Development mapping is inference.",ccdcb43919c463d7960fa318dd896d5cc9ee2d16f98677dc1d3969696377f779
Squarepoint,Quant Developer (Python),"London, Montreal, Warsaw, Hong Kong, Singapore, Madrid, Houston, Bangalore",https://www.squarepoint-capital.com/open-opportunities?id=1433622&gh_jid=1433622,2026-09-21,quant development,mathematical reasoning,Not explicitly found,Python; C++; KDB/q,Not explicitly found,databases,version control; CI/CD; communication,4+ years Python/C++/KDB,Technical/quantitative degree,Python; C++; KDB/q; version control; CI/CD; communication,Self-reported mathematics degree and Python; project evidence not audited,Typed reusable libraries; data contracts; tests,No additional condition captured; verify with employer,"Explicit mentions, not necessarily mandatory; required/preferred context retained in source. Development mapping is inference.",4eee7012ae1a31a2b44032172c514aa54c24b3e32ea5297c887c54eaac80168f
DV Trading,2027 Quantitative Trader Graduate (DV Equities),New York,https://job-boards.greenhouse.io/dvtrading/jobs/4719106005,2026-09-21,trading,Not explicitly found,Not explicitly found,Not explicitly found,Not explicitly found,Not explicitly found,Not explicitly found,Current student; internship preferred,Quantitative degree candidate,,Self-reported mathematics degree and Python; project evidence not audited,Execution cost measurement; derivatives intuition,Currently studying; graduate by summer 2027,"Explicit mentions, not necessarily mandatory; required/preferred context retained in source. Development mapping is inference.",0d3fca8f75b7e122462c0783eff02233cf0930144901d222a2f9652531723a10
DV Trading,Quantitative Researcher,London,https://job-boards.greenhouse.io/dvtrading/jobs/4719984005,2026-09-21,execution research,Not explicitly found,Not explicitly found,Not explicitly found,Not explicitly found,Not explicitly found,Not explicitly found,1-3 years order-book research,Technical/quantitative degree or background,,Self-reported mathematics degree and Python; project evidence not audited,Order-book replay; implementation shortfall; latency,No additional condition captured; verify with employer,"Explicit mentions, not necessarily mandatory; required/preferred context retained in source. Development mapping is inference.",dfbc4b52b466e0ba9958abcd5e094a472cc35fa99bd2a1906db541746059e895
DV Trading,Quantitative Risk Intern - Summer 2027,Chicago,https://job-boards.greenhouse.io/dvtrading/jobs/4719118005,2026-09-21,market risk,Not explicitly found,Not explicitly found,Not explicitly found,Not explicitly found,Not explicitly found,Not explicitly found,Current student,Quantitative degree candidate,,Self-reported mathematics degree and Python; project evidence not audited,Stress scenarios; risk metrics; limitations,Currently studying; graduate winter 2027-summer 2028,"Explicit mentions, not necessarily mandatory; required/preferred context retained in source. Development mapping is inference.",e589bb0f8db8119279370db9f09828b3ed51e29cc9dfde7b5e0d615a713453ed
Citi,Model Validation 2nd LOD Sr. Lead Analyst,"Long Island City, New York, United States",https://jobs.citi.com/job/new-york/model-validation-2nd-lod-sr-lead-analyst/287/100430304704,2026-09-21,model risk,numerical methods; mathematical model assessment,statistical techniques; backtesting; stress testing,Python; R,credit derivatives; fixed income; pricing; model risk,data assessments,independent benchmark testing; code review; technical documentation,3 years relevant quantitative modelling or validation work,Quantitative master or foreign equivalent,Python; R; statistics; testing; communication,Self-reported mathematics degree and Python; project evidence not audited,Independent pricing benchmarks; stress scenarios; model limitations,Hybrid work must be commutable; anticipated close 2026-10-30,Employer posting read directly; concise paraphrase; development mapping is inference,Not captured: direct web retrieval
